{
  "placeholderImages": [
    {
      "id": "login-hero",
      "description": "A doctor listening to a patient's heartbeat, representing healthcare and compassion.",
      "imageUrl": "https://images.unsplash.com/photo-1576091160550-2173dba999ef?crop=entropy&cs=tinysrgb&fit=max&fm=jpg&ixid=MnwzNDE5ODJ8MHwxfHNlYXJjaHwxfHxoZWFsdGhjYXJlfGVufDB8fHx8MTY3ODg4ODU2Mg&ixlib=rb-4.0.3&q=80&w=1080",
      "imageHint": "healthcare doctor"
    },
    {
      "id": "user-avatar",
      "description": "A placeholder avatar for a user profile picture.",
      "imageUrl": "https://images.unsplash.com/photo-1590086782792-42dd2350140d?crop=entropy&cs=tinysrgb&fit=max&fm=jpg&ixid=M3w3NDE5ODJ8MHwxfHNlYXJjaHw0fHxwZXJzb24lMjBwb3J0cmFpdHxlbnwwfHx8fDE3Njg2NzM0NjV8MA&ixlib=rb-4.1.0&q=80&w=1080",
      "imageHint": "person portrait"
    },
    {
      "id": "ambulance-image",
      "description": "A placeholder image of an ambulance.",
      "imageUrl": "https://images.unsplash.com/photo-1690520760201-e0a37f372b67?crop=entropy&cs=tinysrgb&fit=max&fm=jpg&ixid=M3w3NDE5ODJ8MHwxfHNlYXJjaHwxMHx8YW1idWxhbmNlJTIwdmVoaWNsZXxlbnwwfHx8fDE3NzAzMjE0Njh8MA&ixlib=rb-4.1.0&q=80&w=1080",
      "imageHint": "ambulance vehicle"
    }
  ]
}